Shaw,Jermaine,David,100,3,Jeddah
Corella,Anna,Nell,101,3,Jeddah
Holden,Ivan,Sharon,101,1,Jeddah
Sherman,Mark,Jill,101,2,Jeddah
Sudbury,Kathleen,Benjamin,101,1,Jeddah
Valdez,William,Alvin,101,2,Jeddah
Brenner,Leanne,Jason,102,3,Jeddah
Davenport,Elizabeth,Henry,102,2,Jeddah
Davis,Ronda,Jacqueline,102,0,Jeddah
Pagliaro,Roger,Alfred,102,3,Jeddah
Yann,Jamie,Diane,102,1,Jeddah
Farmer,Robert,Genevieve,103,2,Jeddah
Flynn,Helen,Kenneth,103,2,Jeddah
Koepsell,Beverly,James,103,2,Jeddah
Orabuena,Patricia,Laura,104,0,Jeddah
Barajas,Alice,Janice,105,3,Jeddah
Gaede,Jason,Bethel,105,2,Jeddah
Williams,Orval,Paul,105,2,Jeddah
Gil,Charlie,Rigoberto,106,2,Jeddah
Gonzalez,Noreen,Phyliss,106,1,Jeddah
Leingang,Ashley,Gloria,106,3,Jeddah
Uribe,Margie,Valerie,106,2,Jeddah
Betzer,Steven,Harold,107,3,Jeddah
Monteiro,John,Brittani,107,0,Jeddah
Stinchfield,Troy,Cindy,107,3,Jeddah
Walters,Mollie,Dave,107,0,Jeddah
Williams,Frank,Brenda,107,2,Jeddah
Barnett,Gladys,Lindsay,108,2,Jeddah
Decker,Eva,Jose,108,0,Jeddah
Hoban,Anna,Benjamin,108,0,Jeddah
Naquin,Jose,John,108,2,Jeddah
Blankenship,Ruby,Travis,109,1,Jeddah
Miller,Michelle,Nora,109,0,Jeddah
Montemayor,Joseph,Hilma,109,2,Jeddah
Newnam,Maggie,Colin,109,2,Jeddah
Sorensen,Christopher,Lucy,109,0,Jeddah
Andrews,Marion,Tricia,110,2,Jeddah
Gallego,Johnny,Anthony,110,1,Jeddah
Parente,Ila,Brian,110,3,Jeddah
Vires,Casey,Carmen,110,1,Jeddah
Brizuela,Johnny,Michael,111,3,Jeddah
Dan,Lyle,Chris,111,2,Jeddah
Harmon,Norma,Debbie,111,1,Jeddah
Holder,Laurie,Hildegard,111,3,Jeddah
Montano,Eva,David,111,0,Jeddah
Virkler,Yvette,Charleen,111,0,Jeddah
Contreras,Brenda,Catherine,112,0,Jeddah
Corbin,Ronald,Scott,112,1,Jeddah
Doucette,Valerie,Maurita,112,0,Jeddah
Duran,Ron,Mary,112,1,Jeddah
Hanna,Marvin,Roman,112,1,Jeddah
Major,Amelia,Bonnie,112,3,Jeddah
Thomas,Thomas,Lucy,112,1,Jeddah
Bradley,William,Christopher,113,1,Jeddah
Keesling,Charles,Pamela,113,3,Jeddah
Senethavilouk,Russell,Anna,113,0,Jeddah
Swensen,Pat,Gilbert,113,0,Jeddah
Morrison,Mary,Harlan,114,2,Jeddah
Ray,Charles,Karen,114,3,Jeddah
Simmons,Angela,Karrie,114,2,Jeddah
Cuevas,Patti,Shirley,115,0,Jeddah
Thammavongsa,Sally,Duane,115,3,Jeddah
Emmett,Jimmy,Virginia,116,2,Jeddah
Gage,Deborah,Shannon,116,2,Jeddah
Gilbert,Elly,Jason,116,0,Jeddah
Mckeighan,Ruben,Mary,116,3,Jeddah
Morris,Stacie,Robert,116,1,Jeddah
Perez,Joseph,Nolan,117,0,Jeddah
Ahearn,Thomas,Edward,118,3,Jeddah
Clifford,Ellen,Harry,118,2,Jeddah
Griffith,Margaret,Heather,118,0,Jeddah
Cantella,Alexander,Nicole,120,3,Jeddah
Magana,Donald,Eric,120,2,Jeddah
Turner,Thaddeus,Avis,120,0,Jeddah
Bramuchi,Juan,Bob,121,0,Jeddah
Fiske,Bertha,Georgette,121,0,Jeddah
Marquez,Emily,Bernard,121,1,Jeddah
Mauriello,Mark,Eric,121,1,Jeddah
Fuentes,Arlene,Dane,122,1,Jeddah
Lee,Patrick,Man,122,1,Jeddah
Jahnke,Gene,Shanda,123,0,Jeddah
Jenkins,John,Betty,123,2,Jeddah
Yoder,Jeffrey,Cesar,123,1,Jeddah
Grossman,Wilson,Staci,124,1,Jeddah
Clark,Man,David,125,3,Jeddah
Cook,Bianca,Kara,125,2,Jeddah
Fowler,Jeffrey,Jeniffer,125,1,Jeddah
Husted,Karla,Homer,125,1,Jeddah
Palmer,Ariana,Roger,125,1,Jeddah
Clay,Steve,Edna,126,3,Jeddah
Sapp,Bruce,Yolanda,126,3,Jeddah
Ruiz,Mary,Jennifer,127,1,Jeddah
Bonnette,Domenica,Perry,128,2,Jeddah
Sherman,Dennis,Louise,128,0,Jeddah
Boday,Richard,Jorge,129,1,Jeddah
Cummings,Nancy,Ray,129,3,Jeddah
Graham,Ethel,Ernestine,129,3,Jeddah
Ward,Larry,Martin,129,0,Jeddah
Amyx,Steven,Michael,130,1,Jeddah
Brooks,Ella,Russell,130,1,Jeddah
Foley,Penny,Matthew,131,1,Jeddah
Reeser,Ruth,Curtis,132,2,Jeddah
Bergstrom,Jose,Christian,133,2,Jeddah
Bernard,Jeffrey,George,133,0,Jeddah
Campbell,Rose,Ricardo,133,3,Jeddah
Danna,Corinne,Mary,133,2,Jeddah
Faubion,Jose,Leonard,133,3,Jeddah
Jones,David,Christine,133,3,Jeddah
Pierce,Charles,Gordon,133,2,Jeddah
Schmidt,Margaret,Lisa,133,1,Jeddah
Tyler,Jeanne,Nicholas,133,1,Jeddah
Echavarria,Jasmine,John,134,2,Jeddah
Hayes,Donna,Kristopher,134,2,Jeddah
Murray,James,Anna,134,2,Jeddah
Butler,Bruce,Jeffrey,135,0,Jeddah
Oconnor,Beatrice,Lura,135,2,Jeddah
Stackhouse,Annie,Lisa,135,2,Jeddah
Brennan,Louise,Maria,136,3,Jeddah
Kim,Etsuko,Carlos,136,3,Jeddah
Mata,David,Kelvin,136,1,Jeddah
Messner,Miguel,Joanne,136,3,Jeddah
Ramirez,Bradley,Michael,136,3,Jeddah
Sartwell,Matthew,Joel,136,0,Jeddah
Small,Robert,Frank,136,3,Jeddah
Burke,Nancy,Mark,137,0,Jeddah
Davis,Deanna,David,137,1,Jeddah
Morris,Thomas,Molly,137,3,Jeddah
Bosworth,Gary,William,138,0,Jeddah
Dingle,Reginald,Drew,138,1,Jeddah
Miraflores,Regina,Carolyn,138,0,Jeddah
Benson,Richard,Anthony,139,3,Jeddah
Bruner,Victor,Jeanine,139,2,Jeddah
Evans,Sally,Juanita,139,1,Jeddah
Mann,Frank,Joann,139,1,Jeddah
Morales,Peter,Edith,139,3,Jeddah
Murray,Antonio,John,139,2,Jeddah
Davenport,Vern,Dana,140,1,Jeddah
Schenk,William,Jim,140,2,Jeddah
Craig,Harold,Valerie,141,1,Jeddah
Dunn,Bridgett,Neva,141,3,Jeddah
Johnson,Brian,Ebony,141,2,Jeddah
Mcnutt,Jose,Linda,141,2,Jeddah
Ortega,Gary,Judy,141,0,Jeddah
Sherron,Katherine,Gloria,141,0,Jeddah
Wang,Earl,Patricia,141,1,Jeddah
Williams,Deborah,Joshua,141,0,Jeddah
Spears,John,Jimmie,142,2,Jeddah
Berry,Ryan,Violet,143,0,Jeddah
Bland,Amy,Angelita,143,0,Jeddah
Kelly,Joseph,Gary,143,2,Jeddah
Montoya,Rachel,Thomas,143,2,Jeddah
Prouty,William,Sandra,143,3,Jeddah
Shull,Hugh,Don,143,1,Jeddah
Banerjee,Angelina,Mary,144,2,Jeddah
Carswell,Nicole,Mary,144,0,Jeddah
Poquette,Cecil,Franklin,144,0,Jeddah
Covington,Derek,Sarah,145,0,Jeddah
Jett,Maria,Alexis,145,1,Jeddah
Manuel,Lori,Geraldine,145,1,Jeddah
Utecht,Patricia,Curtis,145,3,Jeddah
Andaya,Nancy,Carolynn,146,2,Jeddah
Boisvert,Juanita,Kathleen,146,2,Jeddah
Conway,Ina,Ann,146,2,Jeddah
Johnson,Justin,Andrew,146,1,Jeddah
Johnson,Shawn,Kathryn,146,3,Jeddah
Koslow,Brandon,Donald,146,2,Jeddah
Matheson,Mark,Roger,146,2,Jeddah
Verrett,Rosette,Jason,146,0,Jeddah
Wallace,Melvin,Geraldine,146,2,Jeddah
Whaley,Mike,Lisa,146,3,Jeddah
Hilburn,Frances,Margie,147,3,Jeddah
Layton,Bonnie,Lisa,147,1,Jeddah
Madison,Robert,Miguel,147,0,Jeddah
Martinez,John,Faustino,147,1,Jeddah
Mcshane,Matthew,Michael,147,1,Jeddah
Parrish,Elaine,Willie,147,0,Jeddah
Brooks,Lee,Sophia,148,1,Jeddah
Ventura,Crystal,Amanda,148,3,Jeddah
Black,Phyllis,Janita,149,2,Jeddah
Gullo,Travis,Darren,149,3,Jeddah
Vaughn,Estela,Tina,149,3,Jeddah
Austin,Gary,Joshua,150,0,Jeddah
Brantner,Paul,Amanda,150,2,Jeddah
Childs,Julia,Sharon,150,1,Jeddah
Kimbrough,Ashley,Brittany,150,1,Jeddah
Wamsley,Angela,Corrine,150,3,Jeddah
Chavez,Amelia,Robert,151,2,Jeddah
Gordo,Gregory,Marvin,151,3,Jeddah
Hamilton,Doris,Stephen,151,2,Jeddah
Kruse,Amy,James,151,2,Jeddah
Thomas,Opal,Brigitte,151,0,Jeddah
Wolff,Guy,Albert,151,0,Jeddah
Leiby,Marjorie,Gail,152,2,Jeddah
Reilly,Cynthia,Nicholas,152,3,Jeddah
Richardson,Lloyd,William,153,2,Jeddah
Comeau,Roy,Scott,154,2,Jeddah
Dikes,Bert,Dorothy,154,2,Jeddah
Lee,Edwin,Larry,154,2,Jeddah
Schmalz,Dale,James,154,2,Jeddah
Burroughs,Franklin,Christopher,155,0,Jeddah
Obrien,Jerri,Ramon,155,2,Jeddah
Stewart,Jesse,Richard,155,3,Jeddah
Tucker,David,Marie,155,2,Jeddah
Corey,Martha,Danny,156,1,Jeddah
Huber,Ricky,Thomas,156,1,Jeddah
Johnson,George,Barbara,156,0,Jeddah
May,Evelyn,John,156,1,Jeddah
Sinisi,Diane,Susanna,156,0,Jeddah
Yanez,Andrea,Marcus,156,3,Jeddah
Alexander,Patricia,Teresa,157,3,Jeddah
Clayton,Charles,Olivia,157,3,Jeddah
Cope,Anthony,Lois,157,2,Jeddah
Kelly,Robert,Traci,157,3,Jeddah
Speck,Betty,Michael,157,2,Jeddah
Grizzel,Jennifer,Melissa,158,0,Jeddah
Bevelacqua,James,Rachel,159,1,Jeddah
Smith,Kenneth,John,159,0,Jeddah
Woods,Caroline,Shirley,159,0,Jeddah
Braswell,Jonathan,Ray,160,2,Jeddah
Maez,Kia,Moshe,160,1,Jeddah
Reynolds,Wendy,Ellis,160,2,Jeddah
Sandling,Robert,Nicole,160,2,Jeddah
Simpson,Susan,Joe,160,2,Jeddah
Grier,Grace,Mary,161,0,Jeddah
Johnson,Gustavo,Gina,161,1,Jeddah
Kenne,Olga,Ron,161,2,Jeddah
Luchetti,Gregg,Kenneth,161,2,Jeddah
Peters,Virginia,Anthony,161,3,Jeddah
Adams,Jessica,Norah,162,0,Jeddah
Lum,Frank,Rodney,162,1,Jeddah
Moon,Mitchell,Mary,162,0,Jeddah
Lee,Flora,Dorothy,163,1,Jeddah
Marshall,Zula,John,163,0,Jeddah
Heelan,Kirstin,Graciela,164,1,Jeddah
Perna,Marilyn,Helen,164,3,Jeddah
Scott,Ingrid,Donna,164,3,Jeddah
Smith,Kimberley,Gary,164,1,Jeddah
Solano,Jerry,Gerardo,164,2,Jeddah
Butler,Vicki,Brad,165,1,Jeddah
Jones,Mac,Robert,165,3,Jeddah
Rivera,Elizabeth,James,165,2,Jeddah
Lavergne,Dawn,Ramiro,167,2,Jeddah
Lebron,Jack,Julia,168,1,Jeddah
Padilla,Ella,Kathryn,168,0,Jeddah
Pentek,Linda,Nathan,168,2,Jeddah
Alexander,Brian,Christina,169,1,Jeddah
Giordano,Marcella,Gloria,169,0,Jeddah
Messenger,Karen,Emma,169,1,Jeddah
Underwood,Lucia,Brent,169,1,Jeddah
Cooks,Ok,Nicole,170,2,Jeddah
Cooper,Linda,Jacqueline,170,3,Jeddah
Castaneda,Rodger,Joaquina,171,0,Jeddah
Dodson,Erma,Fred,171,2,Jeddah
Mitzel,Stephanie,David,171,3,Jeddah
Petronella,Carmella,Jack,171,1,Jeddah
Anderson,Maryann,Reginald,172,3,Jeddah
Beals,Robert,Mary,172,2,Jeddah
Garoutte,Andrea,Linda,172,2,Jeddah
Rzeszutko,Al,Lynn,172,0,Jeddah
Burger,Jenna,Thomas,173,3,Jeddah
Munoz,Robert,Ricky,173,0,Jeddah
Suddoth,Christopher,Charles,173,2,Jeddah
Wiggs,Miss,Jannette,173,1,Jeddah
Kuhn,Jeff,Sharon,174,3,Jeddah
Nakamura,Maria,Larry,174,2,Jeddah
Power,Cecil,John,174,3,Jeddah
Tierney,Ana,Thomas,174,2,Jeddah
Johnson,Andrew,Hilda,175,3,Jeddah
Long,Helen,Frankie,175,3,Jeddah
Mcirvin,Gregory,John,175,2,Jeddah
Omeara,Jennifer,Stanley,175,1,Jeddah
Torres,Eleanor,Myrtis,175,0,Jeddah
Wright,Dorothy,Jose,175,2,Jeddah
Eastman,Anna,Gwenda,176,1,Jeddah
Houghtaling,Brittany,Edward,177,2,Jeddah
Manley,Tracy,James,177,3,Jeddah
Mccown,Christopher,Margaret,177,3,Jeddah
Ashford,Charles,Glenda,178,0,Jeddah
Robertson,Ramon,Linda,178,1,Jeddah
Rodriguez,Raymond,Christena,178,3,Jeddah
Scott,Joyce,Brian,178,3,Jeddah
Selvester,Betty,Paul,178,0,Jeddah
Shoop,Rachael,Austin,178,0,Jeddah
Balsamo,Mary,Ray,179,3,Jeddah
Klatt,Jessenia,Jaime,179,3,Jeddah
Lutz,Karen,Desmond,179,1,Jeddah
Morris,Adam,Rick,179,0,Jeddah
Morrison,John,Jennifer,179,0,Jeddah
Adams,Joseph,Kim,180,3,Jeddah
Humphreys,Gary,Lenore,180,2,Jeddah
Vargas,Ryan,Melissa,180,1,Jeddah
Bower,Roxanne,Jason,181,0,Jeddah
Cunningham,John,Vida,181,0,Jeddah
Hamilton,Monika,Kimberly,181,0,Jeddah
Hynes,Scotty,James,181,0,Jeddah
Jones,James,Gwendolyn,181,1,Jeddah
Jones,Otilia,Douglas,181,1,Jeddah
Kirk,Andre,Kimberly,182,0,Jeddah
Pittman,Wilbert,Susan,182,2,Jeddah
Smith,Robert,Amy,182,0,Jeddah
Stellman,Willie,Carla,182,1,Jeddah
Gardner,Annette,Henry,183,1,Jeddah
Lee,George,Mai,183,0,Jeddah
Martin,Wally,Abe,183,2,Jeddah
Montgomery,Edna,Justina,183,0,Jeddah
Patrick,Anna,William,183,1,Jeddah
Wiese,James,Jacquie,183,2,Jeddah
Doe,Jennifer,Ronald,184,3,Jeddah
Nguyen,Dorothy,Janyce,184,3,Jeddah
Ortega,Terry,Richard,184,0,Jeddah
Pressley,Joy,Michael,184,0,Jeddah
Vazquez,Paul,Dorothy,184,1,Jeddah
Larrieu,David,Brandi,185,3,Jeddah
Williams,Debra,Douglas,185,2,Jeddah
Horne,Chris,Teresa,186,0,Jeddah
Jones,Catherine,Daniel,186,3,Jeddah
Critchfield,Cole,Florence,187,2,Jeddah
Merideth,Kenneth,Jeffrey,187,2,Jeddah
Fisher,Amanda,Sandra,188,0,Jeddah
Riddle,James,Norma,188,0,Jeddah
Clay,Joseph,Derek,189,1,Jeddah
Dunham,Michael,Paul,189,2,Jeddah
Wolfe,Marva,Robert,189,2,Jeddah
Carroll,Angela,Toni,191,2,Jeddah
Ebert,Willie,Robert,191,3,Jeddah
Edmonson,Jennifer,Lucille,191,0,Jeddah
Jordan,Jack,Paul,191,1,Jeddah
Mitchem,Pearlie,Robert,191,3,Jeddah
Tirado,Sean,Mark,191,0,Jeddah
Chandler,Joshua,Cedric,192,3,Jeddah
Molina,Janna,Edwina,192,3,Jeddah
Shepherd,Ira,William,192,3,Jeddah
Waters,Yolanda,Felix,192,0,Jeddah
Davies,Terry,Wallace,193,2,Jeddah
Hatfield,Milton,Kenneth,193,3,Jeddah
Best,Louise,Thomas,194,1,Jeddah
Burkins,Lauren,Alfonso,194,0,Jeddah
Luff,Kay,Eleanor,194,2,Jeddah
Peterson,James,Margaret,194,2,Jeddah
Rice,Louis,Edward,194,2,Jeddah
Weaver,Rosalia,Lillian,194,1,Jeddah
Brown,Doris,Jill,195,1,Jeddah
Case,Wayne,Mark,195,2,Jeddah
Creekmore,Richard,Barbara,195,0,Jeddah
Dominguez,Elizabeth,Michael,195,0,Jeddah
Parsley,Juan,Mabel,195,0,Jeddah
Sawyer,John,Carl,195,1,Jeddah
Brummer,David,Julia,196,2,Jeddah
Slack,Claudia,Richard,196,0,Jeddah
Barksdale,Christopher,Ruby,197,0,Jeddah
Chevas,Eleanora,Shandra,197,2,Jeddah
Sorensen,Laura,Myung,197,1,Jeddah
Morton,Gregory,Ron,198,0,Jeddah
Muney,Adeline,Lucinda,198,3,Jeddah
Bicknell,Harold,Anna,199,2,Jeddah
Humphrey,Russell,Jeffrey,199,1,Jeddah
Jackson,Audra,Alexander,199,3,Jeddah
Wilson,Charles,Patsy,199,3,Jeddah
Russell,Oscar,Jeffrey,200,0,Jeddah
Spilis,Candelaria,Michelle,201,3,Jeddah
Buzzell,Claudia,Ernestine,202,0,Jeddah
Gallegos,Ryan,Laura,202,1,Jeddah
Midkiff,Shawna,Roger,202,0,Jeddah
Murray,Karen,David,202,1,Jeddah
Sanez,Ellen,Alvin,202,2,Jeddah
Andino,Douglas,Damon,203,1,Jeddah
Burgos,Patricia,Jose,203,1,Jeddah
Grimes,Martin,Christina,203,0,Jeddah
Manzo,Timothy,Randall,203,1,Jeddah
Duncan,David,Ida,205,3,Jeddah
Glenn,Avis,Patricia,205,1,Jeddah
Goodrich,Joanne,Eula,205,0,Jeddah
Parisi,Frederick,Mary,205,2,Jeddah
Roth,Mark,David,205,0,Jeddah
Abdo,George,Samuel,206,2,Jeddah
Armstrong,Paul,Mary,206,1,Jeddah
Brosnan,Manuel,Lester,206,1,Jeddah
Deming,Angelina,Rose,206,1,Jeddah
Hall,Albert,Esther,206,2,Jeddah
Mattione,Zelma,Darlene,206,1,Jeddah
Olson,Pearl,Benny,206,0,Jeddah
Thomas,Lois,Britt,206,0,Jeddah
Hill,Harold,Vernon,208,1,Jeddah
Chase,Nicholas,Robert,209,1,Jeddah
Page,James,Joseph,209,2,Jeddah
Shannon,Frances,Deborah,209,3,Jeddah
Croft,Cristina,Gary,210,2,Jeddah
Stapleton,William,Kevin,210,0,Jeddah
Fletcher,Tammy,Thomas,211,0,Jeddah
Hamlin,Curtis,Robert,211,3,Jeddah
Ryan,Cynthia,Paula,212,1,Jeddah
Bowers,Richard,Herbert,213,1,Jeddah
Byrd,Allan,Jodi,213,1,Jeddah
Crabtree,Kimberly,Kevin,214,1,Jeddah
Lohr,David,Norman,214,2,Jeddah
Obeso,Jennifer,Tom,214,0,Jeddah
Wilson,Vicki,Mark,214,1,Jeddah
Benson,Lynette,Ericka,215,3,Jeddah
Zirin,Gene,Bridget,215,0,Jeddah
Jones,Abby,Phyllis,216,0,Jeddah
Dobles,Leslie,Francis,217,1,Jeddah
Graham,Thomas,Clara,217,0,Jeddah
Miller,Carl,Edna,217,1,Jeddah
Moore,Scott,Kathleen,217,1,Jeddah
Ford,Joe,Joshua,218,2,Jeddah
Goode,Ann,Joel,218,1,Jeddah
Ingram,Valarie,James,218,2,Jeddah
Rios,Dale,Kendall,218,1,Jeddah
Schwartz,Charlotte,Marjorie,218,0,Jeddah
Whitman,Willie,Christopher,218,1,Jeddah
Allred,Minda,Patricia,219,1,Jeddah
Bramlett,Sara,Layne,219,3,Jeddah
Henry,Marshall,Antonia,219,3,Jeddah
Manley,Leslie,James,221,3,Jeddah
Howard,Jeffrey,Dean,222,1,Jeddah
Ott,Robert,George,222,3,Jeddah
Schaedler,Nancy,Rafael,222,3,Jeddah
Schulz,Glen,Guadalupe,222,2,Jeddah
Petrulis,Bessie,Carol,223,1,Jeddah
Balson,Tiffany,Mary,224,1,Jeddah
Flick,Joyce,Philip,224,3,Jeddah
Frost,Jessica,Janice,224,0,Jeddah
Green,Carole,Andrea,224,1,Jeddah
Martinez,Charlie,Breanna,224,2,Jeddah
Melvin,Alba,Eva,224,1,Jeddah
Schaupp,Dale,Eva,224,0,Jeddah
Biddle,Melvin,Helen,225,3,Jeddah
Burton,Jeffrey,Andy,225,1,Jeddah
Drakeford,Diane,Jordan,225,2,Jeddah
Overman,Korey,Kenneth,225,1,Jeddah
Varron,Josephine,Antoinette,225,3,Jeddah
Moreno,Jill,Mary,226,3,Jeddah
Suarez,Steven,Thomas,226,1,Jeddah
Halterman,Mary,Glenn,227,1,Jeddah
Neal,Stacey,Jeffery,227,3,Jeddah
Spencer,Jennifer,Corey,227,0,Jeddah
Bennett,Sara,Alison,228,2,Jeddah
Keller,James,Norman,228,3,Jeddah
Martin,Christopher,Steven,228,1,Jeddah
Rico,Danielle,Walter,228,2,Jeddah
Brownlee,Claudia,Patricia,229,3,Jeddah
Haddad,Juanita,Emma,229,3,Jeddah
Mclean,Marvin,Donnie,229,0,Jeddah
Mineo,Rosalie,Micheal,229,2,Jeddah
Williams,Damon,Gilda,229,3,Jeddah
Chalepah,Kim,Gerald,230,3,Jeddah
Hughes,Melissa,Rosario,230,1,Jeddah
Bickerstaff,James,John,231,0,Jeddah
Klena,Mary,Connie,231,0,Jeddah
Anderson,Robert,Olin,232,0,Jeddah
Balderas,Michelle,Angel,232,3,Jeddah
Black,Jennifer,Judith,232,1,Jeddah
Daniels,Thomas,Vickey,232,3,Jeddah
Monday,Quintin,Wade,232,3,Jeddah
Neal,Glenda,Kimberly,232,1,Jeddah
Slater,Kimberly,Gloria,232,0,Jeddah
Cortez,Charles,Julie,233,0,Jeddah
Webb,Scott,Clemencia,233,3,Jeddah
Dubay,Ted,Vincent,234,2,Jeddah
Graham,Rebecca,Daniel,234,1,Jeddah
North,Sean,Betty,234,3,Jeddah
Guerrero,Mark,Peter,235,1,Jeddah
Silvis,Lois,Wayne,235,3,Jeddah
Ayala,Benjamin,Chris,236,3,Jeddah
Hill,Rogelio,Dixie,236,3,Jeddah
Pate,Charles,Pamela,236,1,Jeddah
Scamehorn,Kendra,Howard,236,2,Jeddah
Washington,Marc,Effie,236,2,Jeddah
Hirsch,Dianna,Anthony,238,1,Jeddah
Boersma,Robert,Brenda,239,2,Jeddah
Buchana,David,Roger,239,0,Jeddah
Haug,Rosa,Leigh,239,2,Jeddah
Merchant,Tanya,Sharon,239,3,Jeddah
Saadd,Reynaldo,Susan,239,2,Jeddah
Sheppard,Thelma,James,239,3,Jeddah
Carroll,Robert,Karen,240,0,Jeddah
Jones,John,Susan,240,3,Jeddah
Vidrine,Sergio,Ray,240,1,Jeddah
Wells,Sonia,Faye,240,1,Jeddah
Deleon,Clara,Benjamin,241,1,Jeddah
Stiltner,Anna,Patti,241,0,Jeddah
Boyer,Timothy,Irving,242,2,Jeddah
Clarke,Megan,Bobby,242,3,Jeddah
Frierson,Danny,Michelle,242,3,Jeddah
Morrow,Nellie,Philomena,242,3,Jeddah
Pena,Susana,Jeffrey,242,1,Jeddah
Covington,Jose,Connie,243,2,Jeddah
Dillion,Elsie,Darren,243,2,Jeddah
Emrich,Terry,Amanda,243,0,Jeddah
Kaiser,Susan,John,243,1,Jeddah
Thomas,Anne,Jerry,243,2,Jeddah
Bremer,Dawn,Amy,244,1,Jeddah
Cantrell,Nelson,Maria,244,2,Jeddah
Licursi,Janet,Linda,244,3,Jeddah
Williams,Lydia,Ethel,244,2,Jeddah
Cordes,John,Rosa,245,2,Jeddah
Mcarthur,Timothy,Jeffrey,245,2,Jeddah
Stern,Georgianna,Elizabeth,245,1,Jeddah
Cunningham,Robert,Jada,246,1,Jeddah
Rundle,David,James,246,0,Jeddah
Salvato,John,Young,247,3,Jeddah
Wharton,Charlotte,Ervin,247,0,Jeddah
Gauthier,Opal,Karen,248,3,Jeddah
Herring,Linda,Robert,248,2,Jeddah
Clement,Walter,Wanda,249,2,Jeddah
Hynes,Richard,Brian,249,1,Jeddah
Vinson,Jennifer,Eric,249,3,Jeddah
Ulsamer,Paul,Annette,250,0,Jeddah
Valdez,Janet,Martha,250,3,Jeddah
Lewis,Kathleen,Moshe,251,3,Jeddah
Reed,George,Velma,251,0,Jeddah
Cascio,William,John,253,2,Jeddah
Mclean,Howard,Enoch,253,0,Jeddah
Reed,Annie,James,253,0,Jeddah
Friedman,Denise,Charles,254,2,Jeddah
Keeton,Palmer,Mary,254,0,Jeddah
Friedlander,Jonathan,Delia,255,0,Jeddah
Green,Jean,Mary,256,2,Jeddah
Mcdaniels,Lana,Clara,256,2,Jeddah
Murphy,Lawrence,William,256,0,Jeddah
Anderson,Bernadine,Ninfa,257,3,Jeddah
Jackson,Matthew,Michelle,257,3,Jeddah
Bowman,William,Daniel,258,2,Jeddah
Jones,Brian,Regina,258,3,Jeddah
Falconio,Judith,Harry,259,1,Jeddah
Gifford,Victor,Eduardo,259,0,Jeddah
Love,Esteban,Austin,259,2,Jeddah
Cooper,Carolyn,Stephanie,260,0,Jeddah
Houpe,Judith,Patricia,260,0,Jeddah
Luna,Ryan,Gary,260,1,Jeddah
Mavins,Carlos,Catherine,260,2,Jeddah
Ortiz,Fernando,Michael,260,3,Jeddah
Gate,Betty,Rose,261,3,Jeddah
Lacy,Theresa,Lisa,261,0,Jeddah
Marion,Patricia,Ronald,261,1,Jeddah
Brown,Deborah,Diane,262,2,Jeddah
Conway,Nancy,Sara,262,3,Jeddah
Ellis,James,Judy,262,2,Jeddah
Savarese,John,James,262,3,Jeddah
Aguilar,Sandra,Oscar,263,3,Jeddah
Lawson,George,Conrad,263,2,Jeddah
Spratley,Justin,Julie,263,2,Jeddah
Westra,Timika,Josie,263,0,Jeddah
Cherry,Joseph,Thomas,264,0,Jeddah
Stommes,Kathleen,Randal,264,2,Jeddah
Beard,Tina,Jessica,265,0,Jeddah
Campbell,Harry,Jeff,265,0,Jeddah
Frazier,Christopher,Kristen,265,0,Jeddah
Morris,Alexander,Margo,265,2,Jeddah
Russell,Tammy,Michael,265,2,Jeddah
Hammer,Lora,Makeda,266,0,Jeddah
Tizon,Kathy,Jared,266,1,Jeddah
Major,Rachael,Joseph,267,0,Jeddah
Philson,Ella,Marcus,267,0,Jeddah
Scott,Marianne,Kelly,267,0,Jeddah
Lynch,Phyllis,Fawn,268,1,Jeddah
Newlon,Ruth,Rachel,268,3,Jeddah
Bush,Christopher,Carrie,269,0,Jeddah
Castro,Michael,Thomas,269,1,Jeddah
Pugh,Dennis,Jennifer,269,0,Jeddah
Rivera,Jay,Leopoldo,269,2,Jeddah
Rodriquez,Alice,Ernest,269,2,Jeddah
Goff,Ethel,Amy,270,1,Jeddah
Hackett,Celia,Darren,270,2,Jeddah
Parrigan,David,Ronald,270,0,Jeddah
Spruiell,Joseph,Stephen,270,1,Jeddah
Dewing,Francisco,Wayne,271,1,Jeddah
Ellis,Martin,Patricia,271,1,Jeddah
Hanni,Shirley,Linda,271,1,Jeddah
Hernandez,Cathy,William,271,0,Jeddah
Powell,Ashley,Joyce,271,3,Jeddah
Shellenbarger,Keith,Douglass,271,1,Jeddah
Thurman,Tim,Ronald,271,1,Jeddah
Wilbur,Noella,Andrea,271,1,Jeddah
Abraham,Grace,Joe,272,1,Jeddah
Chisolm,Sylvia,Margaret,272,3,Jeddah
Lynch,Rosalie,Randy,272,2,Jeddah
Santelli,Bryan,Albert,272,0,Jeddah
Taylor,David,Kathleen,272,2,Jeddah
Berumen,Eric,Aileen,273,0,Jeddah
Leatherman,Ronald,Melvin,273,2,Jeddah
Carter,Mary,Nicolas,274,1,Jeddah
Garner,Michael,Jared,274,2,Jeddah
Booher,John,Willard,275,0,Jeddah
Dus,Sarah,Pamela,275,1,Jeddah
Garcia,Christine,Hector,275,0,Jeddah
Hutter,William,William,275,1,Jeddah
Rentfro,Frank,Nora,275,1,Jeddah
Gresham,Roger,David,276,2,Jeddah
Russell,Niki,John,276,3,Jeddah
Ward,Floyd,Kevin,276,3,Jeddah
Coburn,Numbers,Margaret,277,0,Jeddah
Kinsey,Eileen,Wendy,277,2,Jeddah
Lorenzo,Thelma,Denise,277,0,Jeddah
Markes,Richard,Miguel,277,3,Jeddah
Rossiter,Gordon,Helen,277,3,Jeddah
Taranto,Michael,Dorothy,277,2,Jeddah
Thompson,Barbara,Jonathan,277,3,Jeddah
Boehmer,Raymond,Joan,278,3,Jeddah
Mcquirk,Richard,Shaun,278,2,Jeddah
Bonelli,Felix,Frances,279,2,Jeddah
Garrity,Deborah,Everett,279,2,Jeddah
Knight,Mike,Willene,279,0,Jeddah
Morton,Marie,Pedro,279,1,Jeddah
Choi,Gail,Tiffany,280,0,Jeddah
Mcbride,Renee,Jason,280,3,Jeddah
Neidig,Jason,Alicia,280,1,Jeddah
Chatman,Norma,Dorothy,281,3,Jeddah
Madsen,Wayne,Michael,281,0,Jeddah
Foley,Sherri,Dorothy,282,3,Jeddah
Mcallister,Maria,Susan,282,0,Jeddah
Moreno,Jane,Timothy,282,2,Jeddah
Pew,Karen,Antonio,282,3,Jeddah
Riggs,Sandra,Barbara,282,1,Jeddah
Skeen,James,Katherine,282,1,Jeddah
Bowman,Angel,Phebe,283,1,Jeddah
Chevere,Gretchen,Steven,284,0,Jeddah
Moore,David,Valerie,284,2,Jeddah
Sander,John,Loan,284,2,Jeddah
Schultz,Lisa,Stella,284,3,Jeddah
Killian,Lawrence,Tyler,285,2,Jeddah
Lane,Gerald,Tammy,285,2,Jeddah
Spengler,Mary,Peter,285,0,Jeddah
Burnett,Edward,Kristen,286,2,Jeddah
Genova,Jose,Manuel,286,0,Jeddah
Murphy,Joe,Shanel,286,1,Jeddah
Coop,Shane,Brett,287,3,Jeddah
Dougherty,Christopher,Marsha,287,0,Jeddah
Tolbert,Milton,Evelyn,287,0,Jeddah
Foulks,Martha,Jeanette,288,0,Jeddah
Nester,Alex,Socorro,289,3,Jeddah
Scarberry,Virginia,Richard,289,0,Jeddah
Wasmer,Chana,Cedric,289,3,Jeddah
Chamberlin,Christopher,Deandre,290,0,Jeddah
Iezzi,Mary,Mark,290,3,Jeddah
Maher,Louise,Kimberly,290,0,Jeddah
Marlow,Angela,Susan,290,2,Jeddah
Robinson,Linda,David,290,1,Jeddah
Greene,Pamela,Frank,291,1,Jeddah
Herndon,Frances,Kari,291,3,Jeddah
Lipsky,Mary,George,291,2,Jeddah
Moss,Shirley,David,291,0,Jeddah
Sterling,Eugene,Andrew,291,2,Jeddah
Vizcarrondo,Diana,Joyce,291,2,Jeddah
Arnt,Edward,Amy,292,2,Jeddah
Fujihara,Denise,Michael,292,1,Jeddah
Jaegers,Maria,Howard,292,2,Jeddah
Leavitt,Dorothy,Clara,292,0,Jeddah
Taylor,Felipe,John,292,1,Jeddah
Conklin,Ernest,Howard,293,0,Jeddah
Maxwell,Connie,Hilda,293,3,Jeddah
Ripley,Mary,Ethel,293,3,Jeddah
Booker,Elizabeth,Robert,294,2,Jeddah
Carmona,Alex,Daniel,294,3,Jeddah
Henry,Juanita,Gertrudis,294,1,Jeddah
Hibbard,Margie,Joshua,294,3,Jeddah
Miller,Eric,Chelsea,294,0,Jeddah
Peterson,Alejandro,Wendy,294,3,Jeddah
Pittman,Tiffany,Ryan,294,3,Jeddah
Hamilton,Bruce,Marcos,295,0,Jeddah
Haygood,Joe,Elliot,295,3,Jeddah
Munoz,Hattie,Barbara,295,2,Jeddah
Shaver,Jodi,Heather,295,2,Jeddah
Bradley,Leann,Gary,296,0,Jeddah
Morales,Willie,Rafael,296,3,Jeddah
Noel,Eduardo,Natalie,296,2,Jeddah
Robinson,Chris,Christopher,296,2,Jeddah
Thacker,Samuel,Matthew,296,1,Jeddah
Stark,Anita,Frank,298,0,Jeddah
Kennamore,Lucas,Phyllis,299,2,Jeddah
Schaefer,Joseph,Theodore,299,2,Jeddah
Burnside,Lisa,Dorothy,300,1,Jeddah
Haddock,Gerald,Juana,300,0,Jeddah
Cadwallader,Jane,Virginia,302,3,Jeddah
Mccloy,Steven,Melvin,302,0,Jeddah
Devoll,Troy,Ismael,303,1,Jeddah
Slaughter,Rosalba,Clara,303,2,Jeddah
Trent,Charles,Laura,303,3,Jeddah
Wilson,Armando,Tom,303,3,Jeddah
Angle,Cheryl,Rosita,304,2,Jeddah
Cote,Albert,Jacqueline,304,0,Jeddah
Prisco,Kathleen,Johnnie,304,3,Jeddah
Shah,Earl,Brenda,304,0,Jeddah
Smith,Richard,Thomas,304,3,Jeddah
Benoit,Ann,Glenn,305,3,Jeddah
Cox,Tyrone,Bryan,305,1,Jeddah
Davis,Don,Kathleen,307,1,Jeddah
Horn,Maria,Jessie,307,0,Jeddah
Johnson,Jamie,Edward,307,0,Jeddah
Todd,Ricardo,Geneva,307,3,Jeddah
Wade,Josette,James,307,2,Jeddah
Mckown,Margaret,Arthur,308,3,Jeddah
Young,Georgia,Brandon,308,0,Jeddah
Andrews,Winifred,Sandra,310,3,Jeddah
Attebery,Debra,Dianna,310,2,Jeddah
Brown,Benjamin,Wayne,310,2,Jeddah
Herrera,Charles,Jennifer,310,3,Jeddah
Hilts,Darrell,Robert,310,3,Jeddah
Holmes,Marilyn,Eric,310,2,Jeddah
Stewart,Kevin,Roberta,310,1,Jeddah
Hill,Michelle,Roberto,311,3,Jeddah
Orourke,Tiffany,Anne,311,0,Jeddah
Delmonte,Jackie,Candace,312,1,Jeddah
Falvo,Gary,Robert,312,0,Jeddah
Hooks,Charles,Alonzo,312,2,Jeddah
Holden,Bernice,Arthur,313,0,Jeddah
Perry,Russell,Micheal,313,0,Jeddah
Buttry,Dennis,Stacy,314,1,Jeddah
Gutierrez,Kim,Ronald,314,2,Jeddah
Hoskins,Amber,Eugene,314,3,Jeddah
Howard,Joseph,Michael,314,3,Jeddah
Mitchell,Tim,Linda,314,0,Jeddah
Persaud,Audra,Virginia,314,2,Jeddah
Regalado,Vi,Mary,314,1,Jeddah
Billings,Addie,Matthew,315,2,Jeddah
Taylor,Cheryl,Margaret,315,2,Jeddah
Woods,Elwood,Fernando,315,1,Jeddah
Bond,Jenifer,Catherine,316,1,Jeddah
Tolbert,Odette,Janet,316,2,Jeddah
Ackies,Willie,Leona,317,1,Jeddah
Barrett,Cheryl,Kelley,317,0,Jeddah
Crane,Mary,Judy,317,0,Jeddah
Mcginnis,Leslie,Caroline,317,3,Jeddah
Schultz,Jack,Angela,317,3,Jeddah
Corda,John,Jonathan,318,3,Jeddah
King,Richard,Tamara,318,3,Jeddah
Baisden,Michael,Juanita,319,0,Jeddah
Whited,Isabelle,Pattie,319,0,Jeddah
Zick,Christine,Timothy,319,1,Jeddah
Johnson,Thomas,Lorraine,320,0,Jeddah
Stodden,Earl,Patricia,320,2,Jeddah
Carpenter,John,Donna,321,2,Jeddah
Larue,Terry,Jon,321,3,Jeddah
Williams,Roy,Joanna,321,1,Jeddah
Wisdom,Mary,Chris,321,1,Jeddah
Beverly,Cesar,Jeffrey,322,3,Jeddah
Flores,Kasandra,William,322,2,Jeddah
Davis,Jackie,Mary,323,1,Jeddah
Faler,Marie,Sandra,323,2,Jeddah
Urbina,Alan,Lucille,323,2,Jeddah
Hancock,Cindy,Ronnie,324,3,Jeddah
Salvage,Beau,Helen,324,3,Jeddah
Verde,Wendell,Arthur,324,1,Jeddah
Wallace,Donald,Nancy,324,1,Jeddah
Ballard,Betty,Lynn,325,3,Jeddah
Barrett,Henry,Alex,325,1,Jeddah
Mcadams,William,Larry,325,3,Jeddah
Mustard,Janice,Pamela,325,3,Jeddah
Smith,Olin,Michael,325,3,Jeddah
Chesser,Michael,Ronald,326,0,Jeddah
Basham,Veronika,Rebecca,327,1,Jeddah
Disque,Adam,Jean,327,1,Jeddah
Eichhorn,Regina,Cliff,327,0,Jeddah
Foreman,Emma,Willie,327,2,Jeddah
Franklin,Richard,Jack,327,2,Jeddah
Gonzalez,Charles,Adam,327,1,Jeddah
Smith,Clarence,Donald,327,1,Jeddah
Spilde,Samantha,David,327,3,Jeddah
Dawson,Dorothy,Dallas,328,0,Jeddah
Flander,Alma,Elizabeth,328,0,Jeddah
Bowl,Thomas,Michael,329,0,Jeddah
Kaiser,Willie,Michael,329,1,Jeddah
Mesias,Douglas,Ilene,329,2,Jeddah
White,Barry,Clinton,329,2,Jeddah
Withrow,Rose,Barb,329,3,Jeddah
Barnes,Richard,Karen,330,2,Jeddah
Fremont,Earnest,Diane,330,3,Jeddah
Fugate,Olga,Sally,330,0,Jeddah
Holley,Laura,Lucy,330,0,Jeddah
Strickland,Sarah,James,330,1,Jeddah
Mulvey,Dawn,Maria,331,2,Jeddah
Rivera,Richard,Christopher,332,2,Jeddah
Whitcomb,Steven,Justin,332,1,Jeddah
Williams,William,Jennifer,332,1,Jeddah
Shores,Phillip,Michael,333,1,Jeddah
Wirkkala,Velma,Monique,333,2,Jeddah
Graham,Jill,Spencer,334,3,Jeddah
Miller,Anthony,Verna,336,1,Jeddah
Prokop,Bethany,Casey,336,1,Jeddah
Santoro,Stella,Fannie,336,3,Jeddah
Chapman,Virginia,Stacey,337,3,Jeddah
Kelley,Essie,John,338,2,Jeddah
Walker,Byron,Mackenzie,338,1,Jeddah
Churchill,Morris,Walter,339,1,Jeddah
Gallego,Norman,Lisa,339,1,Jeddah
Geralds,Rebecca,Marlys,339,1,Jeddah
Willis,Mary,Lisa,339,3,Jeddah
Brown,Alfred,Summer,340,2,Jeddah
Farnsworth,Victor,Tiffany,340,1,Jeddah
Haynes,John,Robert,340,3,Jeddah
Frame,Michael,Gary,341,2,Jeddah
Clarke,Silvia,Joseph,342,3,Jeddah
Fairbanks,Antonina,Nellie,342,3,Jeddah
Guzman,Randy,Mary,342,2,Jeddah
Burbank,Walter,David,343,3,Jeddah
Jordan,Kenneth,Claudia,343,3,Jeddah
Carter,Gary,Andrew,344,0,Jeddah
Mendenhall,Johnnie,Robert,344,2,Jeddah
Rosado,Calvin,Bertha,344,0,Jeddah
Sides,Benny,Barry,344,1,Jeddah
Birden,Yuki,Stephanie,345,1,Jeddah
Pierce,Mable,Angela,345,3,Jeddah
Siefert,Jeff,Amber,345,0,Jeddah
Bond,Luz,James,346,0,Jeddah
Cortez,Renato,Martin,346,3,Jeddah
Czapla,Joseph,Robert,346,2,Jeddah
Sample,Betty,Tommy,347,1,Jeddah
Adams,Adrian,Guadalupe,348,2,Jeddah
Dean,Kevin,Fredrick,348,0,Jeddah
Hyde,Stuart,Laura,348,2,Jeddah
Kruger,Jack,Leonard,348,2,Jeddah
Bennett,Louis,Gloria,349,3,Jeddah
Jackson,Betty,Jesse,349,2,Jeddah
Oliva,James,Pamela,349,0,Jeddah
Williams,Brandon,Mark,349,0,Jeddah
Chapin,Stephen,Stephen,350,1,Jeddah
Downey,Cornelia,Gladys,350,0,Jeddah
Watkins,Derek,Deanna,350,3,Jeddah
Hack,Francisca,Earl,351,0,Jeddah
Letarte,Jeffrey,Christine,351,1,Jeddah
Robertson,Michele,Linda,352,3,Jeddah
Wallace,Robert,Elizabeth,352,2,Jeddah
Ward,Andrew,Terry,352,0,Jeddah
Blessing,Samuel,Clifford,353,1,Jeddah
Deberry,Nicholas,Christopher,353,3,Jeddah
Golding,Amos,Maria,353,3,Jeddah
Fenner,Ruth,Gloria,354,2,Jeddah
Harloff,Paul,Wesley,354,3,Jeddah
Pearman,Betty,Anthony,354,2,Jeddah
Bauer,Darryl,Theresa,355,3,Jeddah
Dunlap,Eric,Doug,355,0,Jeddah
Edmunds,Latisha,Patricia,355,0,Jeddah
Hartl,Cynthia,Cristie,355,3,Jeddah
Clay,Kimberly,Aaron,356,0,Jeddah
Hillis,Paul,David,356,0,Jeddah
Moore,Donald,Vivian,356,2,Jeddah
Dunbar,Ethel,Jacob,357,3,Jeddah
Montgomery,Dean,Helen,357,2,Jeddah
Steen,Mary,Bobby,357,0,Jeddah
Woods,Eva,Bryant,357,0,Jeddah
Bowman,Amy,Latricia,358,3,Jeddah
Burriss,Gregory,Giuseppe,358,0,Jeddah
Dixon,Vaughn,Vickie,358,2,Jeddah
Isola,Jaime,Frances,358,2,Jeddah
Merchant,Jill,George,358,1,Jeddah
Pelletier,Laverne,Sarah,358,0,Jeddah
King,Patricia,Dolores,359,3,Jeddah
Mackenzie,Deborah,Anna,359,3,Jeddah
Payne,Ramona,Mary,359,2,Jeddah
Frain,Geraldine,Stacy,360,2,Jeddah
White,Beth,Donald,360,1,Jeddah
Caron,William,Nancy,362,1,Jeddah
Bryant,Calvin,Pearl,363,0,Jeddah
Vigil,Tori,Diana,363,0,Jeddah
Robbins,Nicole,Sherry,364,0,Jeddah
Roney,Mark,Cyrus,364,3,Jeddah
Wicker,Angel,Helen,364,2,Jeddah
Wilcox,Denise,Joe,364,2,Jeddah
Dender,John,Gayle,365,1,Jeddah
Ward,Jeffrey,Patricia,365,3,Jeddah
Daniels,Darrell,Carrie,366,1,Jeddah
Jude,Virginia,Glenn,366,1,Jeddah
Robinson,Joseph,Joel,366,2,Jeddah
Vorhies,Pat,Donnell,366,0,Jeddah
Jones,Catherine,Michael,367,2,Jeddah
Kendrick,Terry,Larry,367,2,Jeddah
Lehman,Richard,Tami,367,1,Jeddah
Oleksy,Leanne,Steven,367,3,Jeddah
Price,Diane,Shannon,367,3,Jeddah
Delisle,Edwina,Elizabeth,368,0,Jeddah
Silkwood,Edith,Mary,368,1,Jeddah
Thrasher,Cynthia,David,368,3,Jeddah
Adams,Elizabeth,Beatrice,369,3,Jeddah
Castaneda,Lillian,Stephen,369,1,Jeddah
Kantor,Jimmy,Kim,369,2,Jeddah
Moers,Alice,Francis,369,1,Jeddah
Reed,Russell,Robert,369,3,Jeddah
Lewis,Cecile,James,370,0,Jeddah
Reinwald,Charles,Eloy,370,2,Jeddah
Shieh,Darnell,Mark,370,3,Jeddah
White,Kevin,William,370,1,Jeddah
Drey,Terry,Wallace,371,0,Jeddah
Wolff,Daniel,Jesse,371,2,Jeddah
Younce,Mike,Jeffrey,372,1,Jeddah
Chevrette,Felipa,Doris,373,3,Jeddah
Curry,Debra,Jacqueline,373,2,Jeddah
Faltus,Robert,Michelle,373,2,Jeddah
Ortega,Maria,Heather,374,3,Jeddah
Pizarro,Jill,Minnie,374,2,Jeddah
Rowald,Rosie,Ruth,374,2,Jeddah
Burke,Marla,Emanuel,375,1,Jeddah
Cone,Richard,Harold,375,2,Jeddah
Serna,Warren,Heidi,375,3,Jeddah
Deleon,David,James,376,3,Jeddah
Ramirez,William,Kurt,376,1,Jeddah
Williams,John,Juan,376,0,Jeddah
Woodson,Susan,Maria,376,2,Jeddah
Binns,Ella,Lewis,377,1,Jeddah
Lindner,Adam,Willie,377,0,Jeddah
Mcginn,Rigoberto,Shannon,377,0,Jeddah
Park,Michael,Kimberly,377,0,Jeddah
Smith,Steven,Samantha,377,0,Jeddah
Stephens,Kristie,Romeo,377,3,Jeddah
Wall,Laura,Rose,377,1,Jeddah
Christianson,Mai,Domingo,378,3,Jeddah
Hurst,Evelyn,Mary,378,0,Jeddah
Shiver,Richard,Crystal,378,1,Jeddah
Wise,Wanda,Lisa,378,1,Jeddah
Allen,Andrew,Lucille,379,2,Jeddah
Allison,Francisco,Joseph,379,1,Jeddah
Lechleidner,Raul,Gary,379,0,Jeddah
Autrey,Connie,Jarred,380,0,Jeddah
Ison,Christopher,Lisa,380,0,Jeddah
Keeton,Russ,Lisa,380,3,Jeddah
Reinmann,April,David,380,3,Jeddah
Scott,Karen,Pearl,380,0,Jeddah
Wester,Teresa,Carolyn,380,1,Jeddah
Baker,Stephanie,Joann,381,0,Jeddah
Jones,Randy,Christopher,381,0,Jeddah
Lee,Pilar,Robin,381,3,Jeddah
Marshall,Darcy,Robert,381,3,Jeddah
Austin,Sherry,Mildred,382,3,Jeddah
Bernd,Robert,Dennis,382,3,Jeddah
Needham,Ricardo,Elizabeth,382,2,Jeddah
Rolling,Gloria,Christine,382,2,Jeddah
Akers,Mark,Joni,383,0,Jeddah
Jones,Mary,Marvin,383,3,Jeddah
Lawerence,Deborah,Jesse,383,1,Jeddah
Hall,Georgia,Deborah,384,2,Jeddah
Mcgarvey,Autumn,Brandi,384,0,Jeddah
Skelton,So,Charles,384,1,Jeddah
Yip,Mary,Stephan,384,0,Jeddah
Hinton,William,Donald,385,3,Jeddah
Lake,Lydia,Rolanda,385,1,Jeddah
Austin,Clarence,Richard,386,3,Jeddah
Strange,Deborah,Charles,386,3,Jeddah
Vandercook,Maribel,Brian,386,0,Jeddah
Zook,Cynthia,Patricia,386,0,Jeddah
Cook,Jackie,Diana,387,3,Jeddah
Garza,Hiram,Thomas,387,0,Jeddah
Pratt,Eddie,Adam,387,1,Jeddah
Rice,Robin,Heidi,387,0,Jeddah
Sherrill,Adrienne,Lisa,387,0,Jeddah
Bell,Stephanie,Marion,388,1,Jeddah
Wilson,Karen,Mary,388,2,Jeddah
Millard,Morris,Gloria,389,3,Jeddah
Stein,Brian,William,389,0,Jeddah
Chadwell,Wallace,Jenna,390,0,Jeddah
Keach,Ida,Antonio,391,3,Jeddah
Plagmann,Fatima,Jason,391,3,Jeddah
Porter,Jennifer,Francisco,391,2,Jeddah
Reed,Corrine,Claudette,391,2,Jeddah
Horvath,Lela,Robert,392,0,Jeddah
Johnson,Betty,Rebecca,392,2,Jeddah
Lim,Christina,Amy,392,1,Jeddah
Merchant,Elizabeth,Thomas,392,0,Jeddah
Smith,Kelly,Pamela,392,1,Jeddah
Cohen,Richard,Ronald,393,1,Jeddah
Dickson,Lindsey,Shannon,393,1,Jeddah
Murtagh,Evelyn,Ken,393,2,Jeddah
Damron,Doris,Lisa,394,3,Jeddah
Mcdougal,Frank,William,394,3,Jeddah
Horne,Tyrone,Michael,395,2,Jeddah
Howard,Henry,Jennifer,395,1,Jeddah
Sanchez,Samuel,Jeanne,395,1,Jeddah
Shipp,Don,Timothy,395,3,Jeddah
Simon,Lola,Peter,395,3,Jeddah
Slaughter,Leann,William,395,0,Jeddah
Howard,Patricia,Larry,396,0,Jeddah
Laliberte,Angela,Donna,396,1,Jeddah
Owen,Alice,Stacy,396,1,Jeddah
Davis,Erik,William,397,2,Jeddah
Warfield,Rolanda,John,397,0,Jeddah
Burke,Vivian,Sherry,398,2,Jeddah
Mueller,Anthony,Cecil,398,0,Jeddah
Pitcak,Christine,James,398,3,Jeddah
Anderson,Nancy,Joseph,399,3,Jeddah
Baghdasarian,Verna,Sandra,399,2,Jeddah
Barahona,Margaret,Gale,399,2,Jeddah
Betts,Letha,Edna,399,0,Jeddah
Neeley,Robert,Amee,399,0,Jeddah
Springer,Francis,Kelly,399,1,Jeddah
Hill,Diane,Larry,400,1,Jeddah
Mcelligott,Claudia,Jose,400,0,Jeddah
Rowe,Pete,Tina,400,0,Jeddah
Wilgus,Jennie,Martha,400,2,Jeddah
Zingler,Irene,Kelly,400,0,Jeddah
Deines,Michael,Bryan,401,1,Jeddah
Gilbertson,Thelma,Julia,401,0,Jeddah
Guzman,Grace,Bryce,401,0,Jeddah
Keys,Robert,Douglas,401,3,Jeddah
Morris,Joseph,Stephen,401,0,Jeddah
Fagan,Willie,Joe,402,3,Jeddah
Foster,Pamela,Destiny,402,1,Jeddah
Goodwin,Angel,Karen,402,1,Jeddah
Gough,Victoria,Donna,402,2,Jeddah
James,Gracie,Laura,402,3,Jeddah
Sullivan,Charles,Colleen,402,1,Jeddah
Warrington,Robin,Audrey,402,3,Jeddah
Haggerty,Helen,John,403,2,Jeddah
James,Elizabeth,Patricia,403,0,Jeddah
Edwards,Brian,Sara,404,0,Jeddah
Jacobs,Kenneth,Erica,404,3,Jeddah
Pak,Robert,Brian,404,1,Jeddah
Remy,Carolyn,Brandon,404,0,Jeddah
Rogers,Sharon,Robert,404,2,Jeddah
Shortridge,Mindy,Betty,404,3,Jeddah
Mitchell,Tom,Jerri,405,2,Jeddah
Muniz,Doug,Amy,405,1,Jeddah
Singer,Donald,Cheryl,405,1,Jeddah
Smith,Ricky,Edwin,405,2,Jeddah
Walsh,Selina,Donald,405,3,Jeddah
Adame,Beulah,Elnora,406,2,Jeddah
Horne,Brian,Melvina,406,2,Jeddah
Baker,Dana,Shannon,407,3,Jeddah
Crosby,Evelyn,Mary,407,0,Jeddah
Evans,Jeanette,Dylan,407,0,Jeddah
Koziol,Jason,Dennis,407,3,Jeddah
Martinez,Gladys,John,407,2,Jeddah
Blockmon,Sandra,Waneta,408,1,Jeddah
Munoz,Michael,Linwood,408,2,Jeddah
Laney,Helen,Dorothy,409,3,Jeddah
Pereira,Dana,Jack,409,0,Jeddah
Pisano,Helen,Theodore,410,3,Jeddah
Angel,Margaret,Tara,411,2,Jeddah
Barnes,Robert,Rebecca,411,3,Jeddah
Dietrich,Ryan,Charles,411,1,Jeddah
Egger,Ricky,Antonio,411,1,Jeddah
Smith,April,Shannon,412,0,Jeddah
Smith,Katrina,Edward,412,2,Jeddah
Wolverton,Jean,Brian,412,2,Jeddah
King,Edward,William,413,0,Jeddah
Scott,Edward,Kate,413,2,Jeddah
Thomas,Diana,Herman,413,1,Jeddah
Brandt,Rolando,Traci,414,0,Jeddah
Karasti,Lesley,Howard,414,2,Jeddah
Allegrini,David,Vickie,415,3,Jeddah
Christopher,Susan,Richard,415,1,Jeddah
Gooslin,Kimberly,Helen,415,2,Jeddah
Frankhouser,Virginia,Billy,416,3,Jeddah
Kent,Nicole,Jeremiah,417,2,Jeddah
Napier,Christine,John,417,3,Jeddah
Nash,Tracy,Eric,417,3,Jeddah
Stiegman,Patricia,Jeffrey,417,3,Jeddah
Davis,Hugh,Wendell,418,0,Jeddah
Flor,Marvin,Karen,418,0,Jeddah
Ingram,Mary,Lisa,418,2,Jeddah
Meade,Richard,Benjamin,418,1,Jeddah
Unruh,Susan,Hillary,418,3,Jeddah
Harmer,Albert,Rafael,419,3,Jeddah
Perez,Penny,Eva,419,0,Jeddah
Pierson,Mitzi,Kenneth,420,1,Jeddah
Heminger,James,Henry,421,2,Jeddah
Horton,Ricky,Angela,421,1,Jeddah
Mitchell,Daniel,Jeannette,421,0,Jeddah
Seamon,Mary,Robert,421,3,Jeddah
Carey,Tomas,Jennifer,422,3,Jeddah
Houston,Steven,Ronald,422,3,Jeddah
Hawkins,Max,Susan,423,2,Jeddah
Knopf,Joseph,Jody,423,3,Jeddah
Rogers,Dolores,Debbie,423,3,Jeddah
Snell,Michael,Edward,423,1,Jeddah
Dickerson,David,Teresa,424,2,Jeddah
Ferrante,Richard,Denise,424,0,Jeddah
Grace,Irma,Santos,424,0,Jeddah
John,Elbert,Johnny,424,2,Jeddah
Jones,Annie,Alfonso,424,0,Jeddah
Money,Nancy,Jonathan,424,2,Jeddah
Baumeister,Robert,Steven,425,0,Jeddah
Beamon,Jody,David,425,0,Jeddah
Wilder,Charlotte,Alta,425,0,Jeddah
Hoster,Joshua,Richard,426,2,Jeddah
Martinez,John,Brian,426,1,Jeddah
Savage,Jean,Margaret,426,0,Jeddah
Scott,William,Byron,426,1,Jeddah
Witter,Amy,William,426,3,Jeddah
Brown,Kevin,Doris,427,3,Jeddah
Letko,Joseph,Mary,427,0,Jeddah
Oguin,Annie,Jerold,428,2,Jeddah
Sanchez,Anita,Brent,428,2,Jeddah
Walker,Melody,Truman,428,3,Jeddah
Bodner,Peggy,Heather,429,2,Jeddah
Johnson,Herman,Victorina,430,0,Jeddah
Wilde,Samuel,Janet,430,0,Jeddah
Carlton,Marty,Lolita,431,2,Jeddah
Luna,Coy,Charlotte,432,2,Jeddah
Constantine,Alfred,Gwendolyn,433,3,Jeddah
Mann,Alan,Kelli,433,3,Jeddah
Welsh,Mindy,Donald,433,1,Jeddah
Hammett,Roy,Joyce,434,0,Jeddah
Hastings,Leonard,Linda,434,1,Jeddah
Jordan,Tabitha,Benjamin,434,2,Jeddah
Neal,Daniel,Bobby,434,3,Jeddah
Osborn,David,Dorothy,434,3,Jeddah
Pomeroy,Patrick,Denny,434,1,Jeddah
Carlisle,James,Jane,435,1,Jeddah
Barnett,David,Geraldo,436,3,Jeddah
Heuser,Billy,Melissa,436,3,Jeddah
Wiley,Eric,April,436,1,Jeddah
Hedrick,William,Cindy,437,2,Jeddah
Holquin,Jimmy,Constance,437,1,Jeddah
Jones,Sandra,Amanda,437,0,Jeddah
Mickelson,Tammie,Michelle,437,0,Jeddah
Baker,Barbara,Patrick,438,0,Jeddah
Miller,Simon,Daniel,438,3,Jeddah
Pope,Lawrence,Jewel,438,0,Jeddah
Stokes,Elizabeth,Rod,438,0,Jeddah
Mentzer,Jess,Felix,439,2,Jeddah
Roberts,Trent,Michael,439,3,Jeddah
Wayment,Craig,Daniel,439,3,Jeddah
West,Thomas,Robert,439,0,Jeddah
Albus,Janet,Sammy,440,3,Jeddah
Shepard,Joan,Tiffany,440,3,Jeddah
Sanchez,Gregory,Preston,441,3,Jeddah
Thompson,Kevin,Mamie,441,0,Jeddah
Caldwell,Theresa,Heidi,442,3,Jeddah
Harris,John,Irene,442,0,Jeddah
Hendricks,Carl,Stanley,442,3,Jeddah
Mirabal,Dustin,Lisa,442,1,Jeddah
Oquendo,Stephen,Jeff,442,1,Jeddah
Liu,Salina,Eric,443,3,Jeddah
Parlato,Lillie,Mark,443,1,Jeddah
Smith,Michelle,Jerry,443,3,Jeddah
Blankenship,Ashley,Edward,444,3,Jeddah
Martin,Richard,Doris,444,2,Jeddah
Slaughter,Irvin,Robert,444,2,Jeddah
Bunch,Peggy,George,445,0,Jeddah
Deaton,Dale,Justin,445,0,Jeddah
Freshour,Matthew,Lorraine,445,2,Jeddah
Gilmore,Virginia,Morris,445,2,Jeddah
Kelling,Millicent,Mary,445,0,Jeddah
Vazquez,Esther,Kerri,445,3,Jeddah
Cruz,John,Sheryl,446,3,Jeddah
Grinstead,Valerie,Jeffrey,446,2,Jeddah
Johnston,Andrew,Becky,446,2,Jeddah
Miller,Holly,Whitney,446,3,Jeddah
Miller,James,Freda,446,0,Jeddah
Vig,James,Dina,446,1,Jeddah
Ayala,Gordon,Jack,447,1,Jeddah
Phipps,Dale,Anthony,447,3,Jeddah
Daquilante,Martha,Paul,448,0,Jeddah
Eastes,Ramonita,Melissa,448,2,Jeddah
Long,Carolyn,Ross,448,1,Jeddah
Morse,Carolyn,Ben,448,2,Jeddah
Baker,Richard,Clifton,449,0,Jeddah
Cassels,Rafael,Rodney,449,2,Jeddah
Musto,Andrew,Carl,449,0,Jeddah
Huskin,Willard,Stephen,450,0,Jeddah
Josephson,Peter,Edna,450,2,Jeddah
Washington,Eric,Michael,450,1,Jeddah
Davis,Theodore,Lynn,451,3,Jeddah
Dunphy,Gary,Patricia,451,3,Jeddah
Green,Willie,Danielle,451,0,Jeddah
Hamilton,Jeff,Gloria,451,2,Jeddah
Holbrook,Karen,Willie,451,1,Jeddah
Johnson,Helen,Janet,451,2,Jeddah
Lattus,Samuel,Catalina,451,2,Jeddah
Mcquinn,Kathryn,Curtis,451,0,Jeddah
Ong,Flossie,Kelly,451,2,Jeddah
Tucker,Ruth,Philip,451,1,Jeddah
Lopez,April,Ben,452,3,Jeddah
Fralin,Donna,Diane,453,0,Jeddah
Funk,Sarah,Tom,453,1,Jeddah
Jones,Darwin,Nena,453,0,Jeddah
Lawson,Marcella,Kevin,453,0,Jeddah
Lowe,Deborah,Melinda,453,2,Jeddah
Flanagan,Elizabeth,William,454,2,Jeddah
Mikowski,Paul,James,454,2,Jeddah
Bell,Melissa,Sandra,455,2,Jeddah
Mumm,Max,Lisa,455,3,Jeddah
Stover,Johnnie,Wanda,455,1,Jeddah
Austin,Margaret,Jay,456,1,Jeddah
Corujo,Mike,Paul,456,1,Jeddah
Wood,Ronald,Tabatha,456,0,Jeddah
Costello,Randy,Kenneth,457,1,Jeddah
Gomes,William,Keisha,457,3,Jeddah
Johnson,Roscoe,Daniel,457,0,Jeddah
Mager,Ron,Amber,457,0,Jeddah
Benton,James,Gail,458,3,Jeddah
Mcguinn,Maude,Diana,458,3,Jeddah
Moody,David,Clifford,458,3,Jeddah
Terry,Eileen,Misty,459,2,Jeddah
Theis,Donna,Jeffery,459,2,Jeddah
Fleck,Mary,Jennifer,460,1,Jeddah
Forte,Sandra,Dale,460,2,Jeddah
Haifley,Edgar,Jimmie,460,3,Jeddah
Legros,Cole,Laurie,460,0,Jeddah
Hatch,Elizabeth,Keith,461,3,Jeddah
Heckard,Bonnie,Timothy,461,0,Jeddah
Ramirez,William,Harrison,461,3,Jeddah
Morfin,Andre,Mary,462,0,Jeddah
Ross,Evelyn,Angela,462,0,Jeddah
Bushby,Tonya,Miriam,463,2,Jeddah
Hager,Patricia,Cornelius,463,3,Jeddah
Maroney,Robert,Delores,463,2,Jeddah
Scott,Jill,Jose,463,0,Jeddah
Edwards,Sidney,Larry,464,2,Jeddah
Germain,Nita,Barbara,464,1,Jeddah
Green,Matthew,Wanda,464,3,Jeddah
Hoffman,Kathleen,Mary,464,2,Jeddah
Ovit,Jeremy,Evelyn,464,1,Jeddah
Weaver,Mae,Vincent,464,0,Jeddah
Bowman,James,Doris,465,2,Jeddah
Cole,Crystal,Berry,465,2,Jeddah
Conroy,Ross,Lori,465,1,Jeddah
Echevarria,Janet,Deborah,465,0,Jeddah
Hildebrand,Kenneth,Alma,465,0,Jeddah
Slater,Darin,Emerita,466,3,Jeddah
Duncan,Elwood,Melissa,467,1,Jeddah
Harrison,Stephen,William,467,2,Jeddah
Meyer,Parker,Richard,467,1,Jeddah
Sullivan,Mary,Belinda,467,1,Jeddah
Swedlund,Cory,Rodney,468,3,Jeddah
Willis,Debra,Bradford,468,3,Jeddah
Ingram,Rena,Joseph,469,0,Jeddah
Mills,Tony,Larry,469,0,Jeddah
Waters,Anna,Venetta,469,3,Jeddah
Byler,Linda,Virginia,470,3,Jeddah
Cole,George,Theresa,470,0,Jeddah
Meyer,Lucilla,Johanna,470,2,Jeddah
Salinas,Juana,Paul,470,0,Jeddah
Warner,Robert,Richard,471,3,Jeddah
Acevedo,Anthony,Susan,472,1,Jeddah
Buchner,Dorothy,Margaret,472,2,Jeddah
Huffman,Linda,Jennifer,472,3,Jeddah
Renteria,James,Andrew,472,1,Jeddah
Striegel,Debbie,Francis,473,3,Jeddah
Wise,Evalyn,Dora,473,2,Jeddah
Stjohn,Doris,Reginald,474,0,Jeddah
Valdez,Gary,Nathaniel,474,3,Jeddah
Gray,Jannet,Sara,476,1,Jeddah
Hudson,Margaret,Angelia,476,2,Jeddah
Ferland,Samuel,Nicholas,477,1,Jeddah
Madril,Leslie,William,477,0,Jeddah
Ward,Jim,Maria,477,2,Jeddah
Maldonado,David,James,478,2,Jeddah
Jones,Roberta,Stacie,479,3,Jeddah
Boyd,Clyde,Marie,480,3,Jeddah
Faulkner,Kathleen,William,480,2,Jeddah
Guzman,Valerie,Wayne,480,3,Jeddah
Williams,Gabriel,Cecile,480,0,Jeddah
Abron,Kevin,Terence,481,0,Jeddah
Ames,Yvonne,Christal,481,1,Jeddah
Gonzalez,Paula,Annie,481,2,Jeddah
Lucas,Ruth,Pamela,482,3,Jeddah
Mccutcheon,Britt,Laura,482,0,Jeddah
Jauregui,Cassi,John,483,0,Jeddah
Runquist,Evelyn,Scott,483,2,Jeddah
Chan,April,Judy,484,2,Jeddah
Hayes,Philip,Brittany,484,0,Jeddah
Hodges,Jacob,Robert,484,0,Jeddah
Soto,Donald,Kimberly,484,1,Jeddah
Baber,Ashley,Richard,485,2,Jeddah
Craig,Bertha,Miriam,485,1,Jeddah
Stratman,John,Samantha,485,3,Jeddah
Darrough,Maria,Crystal,486,2,Jeddah
Davidson,Pedro,Gerald,486,1,Jeddah
Homes,Summer,Amanda,486,2,Jeddah
Kennedy,Janet,Amber,486,2,Jeddah
Shea,Janet,Emily,486,3,Jeddah
Stiles,Rebecca,Michael,486,0,Jeddah
Falcon,Charles,Noel,487,0,Jeddah
Bice,Judy,Dan,488,2,Jeddah
Hernandez,Joann,Ann,488,1,Jeddah
Valdez,Carl,Linda,488,3,Jeddah
Beason,Steven,Lola,489,3,Jeddah
Reyes,James,Helen,489,2,Jeddah
Formica,Michael,Lynda,490,1,Jeddah
Obannon,Connie,James,490,3,Jeddah
Rogers,Mary,Gertrude,490,2,Jeddah
Teague,Joe,Robert,490,1,Jeddah
White,Herbert,Muriel,490,1,Jeddah
Antrikin,Ernest,Mary,491,1,Jeddah
Ferguson,Heidi,Rolf,491,3,Jeddah
Kline,Paul,Wallace,491,2,Jeddah
Poage,Jason,Jill,491,0,Jeddah
Smith,Tim,John,491,3,Jeddah
Wilkes,Frank,Robert,491,1,Jeddah
Williams,Gary,Jacob,491,1,Jeddah
Alderman,Christine,Kyle,492,2,Jeddah
Haffner,Douglas,Martha,492,2,Jeddah
Monroe,Brenda,David,492,3,Jeddah
Whitman,Audrey,Melissa,492,3,Jeddah
Groth,Leonard,David,493,0,Jeddah
Innes,Cynthia,Claude,493,1,Jeddah
Wilson,Edward,Tanya,493,3,Jeddah
Lacour,Robert,Samuel,494,1,Jeddah
Maddox,Clyde,Loretta,494,0,Jeddah
Payne,James,Naomi,494,0,Jeddah
Andrade,Dorothy,Richard,495,1,Jeddah
Baum,Bryan,Lena,495,2,Jeddah
Blanton,Barbara,Betty,495,2,Jeddah
Neumann,Mary,Vicki,495,1,Jeddah
Wingfield,France,Evelyn,495,2,Jeddah
Babiarz,Amy,Ricardo,496,1,Jeddah
Davis,Colleen,Gary,496,2,Jeddah
Golson,Angela,Benny,496,0,Jeddah
Griffin,Victoria,James,496,2,Jeddah
Walker,Richard,Maryann,496,3,Jeddah
Allendorf,Aaron,Ken,497,3,Jeddah
Barnes,Dorothy,Tommy,497,0,Jeddah
Maloney,Lionel,Barbara,497,3,Jeddah
Miller,Martha,Deana,497,2,Jeddah
Epperly,Helen,Riley,498,0,Jeddah
Manning,Margaret,Marguerite,498,3,Jeddah
Mcevoy,Dean,Ruth,499,0,Jeddah
Cummins,Jonathan,Adrianne,500,0,Jeddah
Garner,Krystal,Ashley,500,1,Jeddah
Mccrae,Rose,Gloria,500,3,Jeddah
